1;"Какие нормативные документы не могут приниматься по вопросам промышленной безопасности?";"Федеральные законы;Нормативные правовые акты Правительства Российской Федерации;Нормативные правовые акты Президента Российской Федерации;trueНормативные правовые акты субъектов Российской Федерации"
1;"Что является основанием для включения опасных производственных объектов II класса опасности в ежегодный план проведения плановых проверок?";"Истечение трех лет со дня принятия объекта в эксплуатацию;trueИстечение одного года со дня окончания проведения последней плановой проверки;Истечение двух лет с момента регистрации опасного производственного объекта в государственном реестре;Истечение пяти лет со дня окончания проведения последней плановой проверки"
1;"При строительстве и реконструкции каких объектов капитального строительства осуществляется государственный строительный надзор?";"trueПри строительстве объектов капитального строительства, проектная документация которых подлежит экспертизе в соответствии со статьей 49 Градостроительного кодекса Российской Федерации;При строительстве любых объектов;Только при строительстве объектов, которые в соответствии с Градостроительным кодексом Российской Федерации являются особо опасными, технически сложными или уникальными;Только при строительстве объектов, общая площадь которых составляет более 1500 м²"
1;"Какие требования устанавливает Технический регламент Таможенного союза «О безопасности машин и оборудования»?";"Обеспечение безопасности эксплуатации машин и оборудования;Условия свободного перемещения машин и оборудования, выпускаемого в обращение на единой таможенной территории;trueОбеспечение на единой таможенной территории Таможенного союза обязательных для применения и исполнения минимально необходимых требований к машинам и оборудованию"
1;"Какие из перечисленных документов (или копий документов) не входят в перечень документов, которые соискатель должен представлять в лицензирующий орган для получения лицензии на проведение экспертизы промышленной безопасности?";"trueКопии ранее выданных заключений экспертизы промышленной безопасности;Копии приказов о приеме на работу экспертов, заверенные соискателем лицензии;Реквизиты квалификационных удостоверений экспертов;Копии документов, подтверждающих наличие у соискателя лицензии необходимых для осуществления лицензируемой деятельности и принадлежащих ему на праве собственности или на ином законном основании по месту осуществления лицензируемой деятельности зданий или нежилых помещений, права на которые не зарегистрированы в Едином государственном реестре прав на недвижимое имущество и сделок с ним (в случае, если такие права зарегистрированы в указанном реестре, представляются сведения об этих зданиях или помещениях)"
1;"В каком из приведенных положений указан самый полный перечень документов, которые обязан направлять страхователь при заключении договора обязательного страхования в отношении опасных производственных объектов?";"Документы, содержащие необходимые для определения размера страховой премии сведения об опасном объекте;Документы, содержащие необходимые для определения размера страховой премии сведения об опасном объекте, уровне его безопасности, о вреде, который может быть причинен в результате аварии на опасном объекте;trueДокументы, содержащие необходимые для определения размера страховой премии сведения об опасном объекте, уровне его безопасности, о вреде, который может быть причинен в результате аварии на опасном объекте, и максимально возможном количестве потерпевших;Документы о максимально возможном количестве потерпевших"
1;"В какой срок опасные производственные объекты, вводимые в эксплуатацию, должны быть внесены в государственный реестр?";"Не позднее трех месяцев с даты начала их эксплуатации;В течение 40 рабочих дней с даты начала их эксплуатации;trueНе позднее 20 рабочих дней со дня поступления в регистрирующий орган сведений, характеризующих каждый объект;Срок не регламентирован"
1;"В отношении каких объектов предусмотрена разработка планов мероприятий по локализации и ликвидации последствий аварий на опасных производственных объектах?";"Всех опасных производственных объектов;Опасных производственных объектов I и II классов опасности;trueОпасных производственных объектов I, II и III классов опасности, предусмотренных пп. 1, 4, 5 и 6 приложения 1 к Федеральному закону от 21.07.1997 № 116-ФЗ «О промышленной безопасности опасных производственных объектов»"
1;"Кто должен разрабатывать Положение о производственном контроле?";"Только эксплуатирующая организация;Только структурные подразделения эксплуатирующей организации;trueЭксплуатирующая организация и обособленные подразделения юридического лица в случаях, предусмотренных положениями об обособленных подразделениях"
1;"Что из перечисленного не подлежит экспертизе промышленной безопасности?";"trueДокументация на капитальный ремонт опасного производственного объекта;Технические устройства, применяемые на опасном производственном объекте;Здания и сооружения на опасном производственном объекте, предназначенные для технологических процессов, хранения сырья или продукции, перемещения людей и грузов, локализации и ликвидации последствий аварий;Декларация промышленной безопасности опасного производственного объекта;Обоснование безопасности опасного производственного объекта и изменения к обоснованию безопасности опасного производственного объекта"
2;"Что является основной целью Федерального закона от 21.07.1997 № 116-ФЗ «О промышленной безопасности опасных производственных объектов»?";"Ликвидация чрезвычайных ситуаций, возникших в результате техногенной аварии;Снижение вероятности аварий на опасном производственном объекте и, как следствие, снижение уровня загрязнения окружающей среды при эксплуатации опасных производственных объектов;trueПредупреждение аварий на опасных производственных объектах и обеспечение готовности эксплуатирующих опасные производственные объекты юридических лиц и индивидуальных предпринимателей к локализации и ликвидации последствий указанных аварий;Установление порядка расследования и учета несчастных случаев на опасном производственном объекте"
2;"В каком случае внеплановая выездная проверка может быть проведена незамедлительно с извещением органа прокуратуры без согласования с ним?";"По истечении срока исполнения юридическим лицом, индивидуальным предпринимателем, выданного органом государственного надзора предписания об устранении выявленного нарушения обязательных требований промышленной безопасности;trueПри поступлении в орган государственного надзора обращений от граждан и юридических лиц или органов государственной власти информации о фактах нарушений обязательных требований промышленной безопасности, если они создают угрозу причинения вреда или угрозу возникновения аварий и (или) чрезвычайных ситуаций техногенного характера;По истечении одного года со дня окончания проведения последней плановой проверки организации по соблюдению обязательных требований промышленной безопасности"
2;"Что не является предметом государственного строительного надзора?";"Наличие разрешения на строительство;Выполнение работ по договорам о строительстве, реконструкции, капитальном ремонте объектов капитального строительства, заключенным с застройщиком, техническим заказчиком, лицом, ответственным за эксплуатацию здания, сооружения, региональным оператором, только индивидуальными предпринимателями или юридическими лицами, которые являются членами саморегулируемых организаций в области строительства, реконструкции, капитального ремонта объектов капитального строительства;Соответствие строительных материалов, применяемых в процессе строительства, реконструкции объекта капитального строительства требованиям технических регламентов, проектной документации;trueНаличие декларации промышленной безопасности"
2;"Что из перечисленного не определяется при разработке и проектировании машины и (или) оборудования?";"Допустимый риск для машины и (или) оборудования;trueМетодика измерений и правила отбора образцов, необходимых для применения и исполнения требований ТР ТС 010/2011;Условия безопасной эксплуатации машин и оборудования"
2;"Что обязан сделать лицензиат, если он планирует осуществлять лицензируемую деятельность по адресу, не указанному в лицензии?";"trueПодать заявление в лицензирующий орган о переоформлении лицензии;Подать заявление в лицензирующий орган о выдаче новый лицензии;Направить в лицензирующий орган уведомление о своих намерениях"
2;"Кто является страхователями гражданской ответственности за причинение вреда в результате аварии на опасном производственном объекте?";"Юридические лица и физические лица, заключившие со страховщиками договоры страхования;trueВладельцы опасных производственных объектов (юридические лица или индивидуальные предприниматели), заключившие договор обязательного страхования гражданской ответственности за причинение вреда потерпевшим в результате аварии на опасном объекте;Владельцы опасных производственных объектов, за исключением индивидуальных предпринимателей, заключившие договор обязательного страхования гражданской ответственности за причинение вреда потерпевшим в результате аварии на опасном объекте"
2;"Какой из перечисленных случаев не может являться основанием для исключения объекта из государственного реестра опасных производственных объектов?";"Ликвидация объекта или вывод его из эксплуатации;Утрата объектом признаков опасности;trueГрубое нарушение требований промышленной безопасности при эксплуатации опасного производственного объекта;Изменение критериев отнесения объектов к категории опасных производственных объектов или требований к идентификации опасных производственных объектов"
2;"Какой срок действия планов мероприятий по локализации и ликвидации последствий аварий установлен для объектов I класса опасности (за исключением объектов, на которых ведутся горные работы)?";"1 год;true2 года;3 года;5 лет"
2;"Когда положение о производственном контроле считается принятым?";"trueПосле утверждения его руководителем организации, эксплуатирующей опасные производственные объекты;После утверждения его руководителем организации, эксплуатирующей опасные производственные объекты, и согласования с территориальным органом Ростехнадзора;После утверждения его территориальным органом Ростехнадзора;После утверждения его руководителем организации, эксплуатирующей опасные производственные объекты, и согласования с центральным аппаратом Ростехнадзора"
2;"Какая организация имеет право проводить экспертизу промышленной безопасности?";"Организация, аккредитованная в Федеральной службе по аккредитации на проведение экспертизы промышленной безопасности;Организация, имеющая допуск СРО на проведение экспертизы промышленной безопасности;trueОрганизация, имеющая лицензию на проведение экспертизы промышленной безопасности"
3;"Промышленная безопасность опасных производственных объектов в соответствии с Федеральным законом от 21.07.1997 № 116-ФЗ «О промышленной безопасности опасных производственных объектов» - это:";"Состояние защищенности конституционного права граждан Российской Федерации на благоприятную окружающую среду посредством предупреждения негативных воздействий хозяйственной и иной деятельности на окружающую природную среду;Система установленных законом мер, обеспечивающих состояние защищенности жизненно важных интересов личности и общества от аварий на опасных производственных объектах и последствий указанных аварий;trueСостояние защищенности жизненно важных интересов личности и общества от аварий на опасных производственных объектах и последствий указанных аварий;Система установленных законом запретов, ограничений и предписаний по безопасной эксплуатации опасных производственных объектов"
3;"Кто устанавливает порядок осуществления постоянного государственного надзора на опасных производственных объектах I класса опасности?";"Президент Российской Федерации;trueПравительство Российской Федерации;Федеральный орган исполнительной власти в области промышленной безопасности;Субъекты Российской Федерации или органы местного самоуправления, на территории которых эксплуатируется опасный производственный объект"
3;"Кто осуществляет государственный строительный надзор за строительством, реконструкцией объектов капитального строительства, отнесенных Градостроительным кодексом Российской Федерации к особо опасным, технически сложным и уникальным?";"trueФедеральный орган исполнительной власти, уполномоченный на осуществление федерального государственного строительного надзора;Орган исполнительной власти субъекта Российской Федерации, уполномоченный на осуществление регионального государственного строительного надзора;Федеральный орган исполнительной власти, уполномоченный на проведение государственной экспертизы проектной документации, или подведомственные ему государственные (бюджетные или автономные) учреждения"
3;"Что является идентификационным признаком оборудования для работы во взрывоопасных средах?";"Только наличие маркировки взрывозащиты;Только наличие Сертификата взрывозащиты, выданного аккредитованным органом по сертификации;trueНаличие средств обеспечения взрывозащиты, указанных в технической документации изготовителя, и маркировки взрывозащиты, нанесенной на оборудование"
3;"Что обязан сделать лицензиат, если он планирует выполнять работы (оказывать услуги), составляющие лицензируемый вид деятельности и не указанные в лицензии?";"Подать заявление в лицензирующий орган о выдаче новый лицензии;trueПодать заявление в лицензирующий орган о переоформлении лицензии;Направить в лицензирующий орган уведомление о своих намерениях;Направить в лицензирующий орган информацию о наличии экспертов, аттестованных в областях аттестации, соответствующих вновь заявляемым работам (услугам)"
3;"Кто является владельцем опасного объекта в терминологии Федерального закона от 27.07.2010 № 225-ФЗ «Об обязательном страховании гражданской ответственности владельцев опасных объектов за причинение вреда в результате аварии на опасном объекте»?";"Юридическое лицо, владеющее опасным объектом на праве собственности;Юридические лица, владеющие опасным объектом на праве собственности, праве хозяйственного ведения или праве оперативного управления либо на ином законном основании, независимо от того, осуществляют они эксплуатацию опасного производственного объекта или нет;trueЮридическое лицо или индивидуальный предприниматель, владеющие опасным объектом на праве собственности, праве хозяйственного ведения или праве оперативного управления либо на ином законном основании и осуществляющие эксплуатацию опасного объекта"
3;"На каком этапе осуществляется присвоение класса опасности опасному производственному объекту?";"На этапе подготовки проектной документации;На этапе проведения экспертизы промышленной безопасности зданий, сооружений и технических устройств, применяемых на опасном производственном объекте;trueНа этапе его регистрации в государственном реестре опасных производственных объектов;На этапе ввода в эксплуатацию"
3;"Какой срок действия планов мероприятий по локализации и ликвидации последствий аварий установлен для объектов II класса опасности (за исключением объектов, на которых ведутся горные работы)?";"1 год;2 года;true3 года;5 лет"
3;"Кто устанавливает требования к форме предоставления сведений об организации производственного контроля за соблюдением требований промышленной безопасности?";"Правительство Российской Федерации;trueРостехнадзор;Федеральная служба по труду и занятости;Эксплуатирующая организация"
3;"В отношении какого опасного производственного объекта эксперту запрещается участвовать в проведении экспертизы промышленной безопасности?";"В отношении опасных производственных объектах по хранению и уничтожению химического оружия;В отношении объектов, находящихся в государственной собственности;trueВ отношении опасного производственного объекта, принадлежащего на праве собственности или ином законном основании организации, в трудовых отношениях с которой состоит эксперт"
4;"Какое определение соответствует понятию «авария», изложенному в Федеральном законе от 21.07.1997 № 116-ФЗ «О промышленной безопасности опасных производственных объектов»?";"Отказ или повреждение технических устройств, применяемых на опасном производственном объекте, отклонение от установленного режима технологического процесса;trueРазрушение сооружений и (или) технических устройств, применяемых на опасном производственном объекте, неконтролируемые взрыв и (или) выброс опасных веществ;Контролируемое и (или) неконтролируемое горение, а также взрыв опасного производственного объекта;Нарушение целостности или полное разрушение сооружений и технических устройств опасного производственного объекта при отсутствии взрыва либо выброса опасных веществ"
4;"В понятиях Основ государственной политики по промышленной безопасности промышленная безопасность это:";"Состояние защищенности жизненно важных интересов личности и общества от аварий на опасных производственных объектах и последствий указанных аварий;Комплекс мероприятий, проводимых заблаговременно и направленных на максимально возможное уменьшение риска возникновения аварий, а также на сохранение здоровья людей, снижение размеров ущерба окружающей среде и материальных потерь в случае их возникновения;trueОпределяемое комплексом технических и организационных мер состояние защищенности промышленного объекта, которое характеризуется стабильностью параметров технологического процесса и исключением (сведением к минимуму) опасности возникновения аварии или инцидента, а в случае их возникновения - отсутствием опасности воздействия на людей опасных и вредных факторов и угрозы причинения вреда имуществу юридических и физических лиц, государственному или муниципальному имуществу"
4;"Что входит в обязанности лица, осуществляющего строительство здания или сооружения, в соответствии с законодательством о градостроительной деятельности?";"trueКонтроль за соответствием применяемых строительных материалов и изделий, в том числе строительных материалов, производимых на территории, на которой осуществляется строительство, требованиям проектной документации в течение всего процесса строительства;Наблюдение за производством работ и регистрация действий, противоречащих законодательству о градостроительной деятельности;Наблюдение за производством работ, своевременной доставкой строительных материалов и изделий;Только контроль за качеством применяемых строительных материалов"
4;"Какие виды классификаций оборудования для работы во взрывоопасных средах не устанавливает ТР «О безопасности оборудования для работы во взрывоопасных средах»?";"Классификация взрывоопасных зон;Классификация оборудования по группам (в зависимости от области применения);Классификация оборудования по уровням и видам взрывозащиты;Классификация оборудования по температурным классам;trueКлассификация оборудования по давлению"
4;"В каком нормативном правовом акте установлен порядок принятия решений лицензирующим органом о предоставлении и переоформлении лицензии на деятельность по проведению экспертизы промышленной безопасности?";"trueВ Федеральном законе «О лицензировании отдельных видов деятельности»;В Федеральном законе «О промышленной безопасности опасных производственных объектов»;В постановлении Правительства Российской Федерации «О лицензировании деятельности по проведению экспертизы промышленной безопасности»"
4;"Какие из указанных опасных объектов не относятся к объектам, владельцы которых обязаны осуществлять обязательное страхование?";"Опасные производственные объекты, подлежащие регистрации в государственном реестре;Лифты, подъемные платформы для инвалидов, эскалаторы (за исключением эскалаторов в метрополитенах);Автозаправочные станции жидкого моторного топлива;trueОпасные производственные объекты, расположенные в границах объектов использования атомной энергии;Пассажирские конвейеры (движущиеся пешеходные дорожки)"
4;"В каком из перечисленных случаев при внесении изменений в государственный реестр объекту присваивается иной регистрационный номер?";"trueПри внесении изменений в государственный реестр, связанных с исключением опасного производственного объекта в связи со сменой эксплуатирующей организации;При изменении только количественного состава технического устройства опасного производственного объекта;При изменении только качественного состава технического устройства опасного производственного объекта;При изменении количественного и качественного состава технического устройства опасного производственного объекта"
4;"Какой срок действия планов мероприятий по локализации и ликвидации последствий аварий установлен для объектов III класса опасности (за исключением объектов, на которых ведутся горные работы)?";"1 год;2 года;3 года;true5 лет"
4;"В какие сроки эксплуатирующая организация представляет в Ростехнадзор или его территориальные органы сведения об организации производственного контроля за соблюдением требований промышленной безопасности?";"Ежегодно, в течение I квартала текущего года;trueЕжегодно, до 1 апреля соответствующего календарного года;Раз в полгода, не позднее 15 числа месяца, следующего за отчетным периодом;Ежегодно, не позднее 1 февраля текущего года"
4;"Какими нормативными правовыми актами устанавливаются требования к проведению экспертизы промышленной безопасности и к оформлению заключения экспертизы промышленной безопасности?";"Постановлениями Правительства Российской Федерации;Федеральными законами;trueФедеральными нормами и правилами в области промышленной безопасности;Стандартами саморегулируемых организаций в области экспертизы промышленной безопасности"
5;"Что входит в понятие «инцидент» в соответствии с Федеральным законом от 21.07.1997 № 116-ФЗ «О промышленной безопасности опасных производственных объектов»?";"trueОтказ или повреждение технических устройств, применяемых на опасном производственном объекте, отклонение от установленного режима технологического процесса;Разрушение сооружений и (или) технических устройств, применяемых на опасном производственном объекте, неконтролируемые взрыв и (или) выброс опасных веществ, при которых нет пострадавших;Контролируемое и (или) неконтролируемое горение, а также взрыв опасного производственного объекта, не сопровождающиеся выбросом в окружающую среду опасных веществ;Нарушение целостности или полное разрушение сооружений и технических устройств опасного производственного объекта при отсутствии взрыва либо выброса опасных веществ"
5;"В понятиях Основ государственной политики по промышленной безопасности промышленный объект это:";"Юридическое лицо, осуществляющее предпринимательскую деятельность в сфере промышленности;trueПредприятие, его цеха, участки, площадки, используемые для осуществления деятельности в сфере промышленности;Предприятия или их цеха, участки, площадки, а также иные производственные объекты, обладающие признаками опасности"
5;"Каким образом должна обеспечиваться безопасность здания или сооружения в процессе эксплуатации?";"Только посредством мониторинга состояния основания;Только посредством периодических осмотров строительных конструкций;Только посредством технического обслуживания систем инженерно-технического обеспечения;Только посредством проведения экспертизы промышленной безопасности;trueПосредством проведения всех перечисленных мероприятий, включая проведение текущих ремонтов здания или сооружения"
5;"В каких законах устанавливаются виды деятельности, подлежащие лицензированию в области промышленной безопасности?";"trueТолько в Федеральном законе от 04.05.2011 № 99-ФЗ «О лицензировании отдельных видов деятельности»;Только в Федеральном законе от 21.07.1997 № 116-ФЗ «О промышленной безопасности опасных производственных объектов»;В Федеральном законе от 21.07.1997 № 116-ФЗ «О промышленной безопасности опасных производственных объектов» и Федеральном законе от 4 мая 2011 г. № 99-ФЗ «О лицензировании отдельных видов деятельности»;В Федеральном законе от 21.07.1997 № 116-ФЗ «О промышленной безопасности опасных производственных объектов», Федеральном законе от 04.05.2011 № 99-ФЗ «О лицензировании отдельных видов деятельности» и Федеральном законе от 21.12.1994 № 68-ФЗ «О защите населения и территорий от чрезвычайных ситуаций природного и техногенного характера»"
5;"Какими нормативными правовыми актами устанавливаются требования к порядку осуществления лицензионного контроля за соблюдением лицензионных требований при осуществлении деятельности по проведению экспертизы промышленной безопасности?";"trueФедеральным законом «О защите прав юридических лиц и индивидуальных предпринимателей при осуществлении государственного контроля (надзора) и муниципального контроля» и Федеральным законом «О лицензировании отдельных видов деятельности»;Исключительно Федеральным законом «О лицензировании отдельных видов деятельности»;Федеральным законом «О лицензировании отдельных видов деятельности» и постановлением Правительства Российской Федерации «О лицензировании деятельности по проведению экспертизы промышленной безопасности»"
5;"Кому вменена обязанность страховать свою ответственность за причинение вреда в результате аварии на опасном объекте в соответствии с Федеральным законом от 27.07.2010 № 225-ФЗ «Об обязательном страховании гражданской ответственности владельца опасного объекта за причинение вреда в результате аварии на опасном объекте»?";"Эксплуатирующим организациям независимо от того, являются они владельцами опасного объекта или нет;Проектным организациям;trueВладельцам опасного объекта;Экспертным организациям"
5;"В каких случаях из перечисленных регистрирующим органом вносятся изменения в государственный реестр?";"Только при изменении адреса места нахождения опасного производственного объекта;Только при изменении сведений об эксплуатирующей организации, собственнике опасного производственного объекта и/или сведений, указанных эксплуатирующей организацией в заявлении о регистрации опасного производственного объекта в государственном реестре;Только при изменении сведений, связанных с исключением опасного производственного объекта в связи со сменой эксплуатирующей организации;trueВо всех перечисленных случаях"
5;"Когда план мероприятий по локализации и ликвидации последствий аварий считается принятым?";"После утверждения руководителем организации, эксплуатирующей опасные производственные объекты, или руководителями обособленных подразделений;После утверждения руководителем организации, эксплуатирующей опасные производственные объекты, или руководителями обособленных подразделений и согласования с органами Ростехнадзора;trueПосле утверждения руководителем организации, эксплуатирующей опасные производственные объекты, или руководителями обособленных подразделений и согласования с руководителями профессиональных аварийно-спасательных служб или профессиональных аварийно-спасательных формирований"
5;"В каком документе установлен перечень сведений об организации производственного контроля за соблюдением требований промышленной безопасности, направляемых эксплуатирующей организацией в Ростехнадзор?";"В Федеральном законе «О промышленной безопасности опасных производственных объектов»;trueВ Правилах организации и осуществления производственного контроля за соблюдением требований промышленной безопасности;В Общих правилах промышленной безопасности для организаций, осуществляющих деятельность в области промышленной безопасности опасных производственных объектов;Во всех перечисленных документах"
5;"После прохождения каких процедур заключение экспертизы промышленной безопасности может быть использовано в целях, установленных Федеральным законом от 21.07.1997 № 116-ФЗ «О промышленной безопасности опасных производственных объектов»?";"Сразу после подписания заключения экспертизы руководителем экспертной организации и экспертами, проводившими экспертизу;После утверждения заключения экспертизы промышленной безопасности в органах Ростехнадзора;trueПосле подписания заключения экспертизы руководителем экспертной организации и экспертами, проводившими экспертизу, и внесения его в реестр заключений экспертизы промышленной безопасности"
6;"На какие организации распространяются нормы Федерального закона от 21.07.1997 № 116-ФЗ «О промышленной безопасности опасных производственных объектов»?";"trueНа все организации независимо от их организационно-правовых форм и форм собственности, осуществляющие деятельность в области промышленной безопасности опасных производственных объектов на территории Российской Федерации и на иных территориях, над которыми Российская Федерация осуществляет юрисдикцию в соответствии с законодательством Российской Федерации и нормами международного права;На все организации независимо от их организационно-правовых форм и форм собственности, осуществляющие деятельность в области промышленной безопасности опасных производственных объектов только на территории Российской Федерации;На государственные и негосударственные некоммерческие организации, эксплуатирующие опасные производственные объекты в порядке, установленном законодательством Российской Федерации;На все коммерческие организации независимо от форм осуществления деятельности в области промышленной безопасности опасных производственных объектов"
6;"Что из перечисленного не относится к целям государственной политики в области промышленной безопасности в соответствии с Основами государственной политики в области промышленной безопасности?";"Предупреждение аварий и инцидентов на промышленных объектах;Решение правовых, экономических и социальных задач, направленных на обеспечение роста промышленного производства;trueУменьшение риска возникновения чрезвычайных ситуаций, а также сохранение здоровья людей, снижение размеров ущерба окружающей среде и материальных потерь в случае их возникновения;Реализация конституционных прав граждан на труд в условиях, отвечающих требованиям безопасности, на благоприятную окружающую среду"
6;"Кто должен принять меры, предупреждающие причинение вреда населению и окружающей среде, при прекращении эксплуатации здания или сооружения согласно Техническому регламенту о безопасности зданий и сооружений?";"Организация, эксплуатирующая здание и сооружение;Представители территориального органа Ростехнадзора;Организация, проводящая экспертизу промышленной безопасности;trueСобственник здания или сооружения"
6;"Как называется один из видов деятельности в области промышленной безопасности, подлежащий лицензированию в соответствии с Федеральным законом от 04.05.2011 № 99-ФЗ «О лицензировании отдельных видов деятельности»?";"Эксплуатация взрывопожароопасных и химически опасных производственных объектов всех классов опасности;trueЭксплуатация взрывопожароопасных и химически опасных производственных объектов I, II и III классов опасности;Эксплуатация химически опасных производственных объектов;Эксплуатация взрывопожароопасных производственных объектов"
6;"Взимается ли плата за предоставление или переоформление лицензии и выдачу дубликата лицензии, если да, то в соответствии с каким законодательством?";"trueДа, в соответствии с законодательством о налогах и сборах;Да, в соответствии с законодательством о лицензировании;Нет"
6;"Каков размер страховой выплаты за вред, причиненный здоровью каждого потерпевшего в результате аварии на опасном производственном объекте?";"Не более 500 тысяч рублей;Не более 360 тысяч рублей;Не более 200 тысяч рублей;trueНе более 2 миллионов рублей"
6;"В какой срок при изменении сведений об опасном производственном объекте, указанных эксплуатирующей организацией в заявлении о регистрации опасного производственного объекта в государственном реестре, эксплуатирующая организация должна представить в регистрирующий орган заявление о внесении изменений с приложением документов, подтверждающих наличие оснований для внесения изменений?";"trueВ течение 10 (десяти) рабочих дней со дня наступления указанных изменений;В течение 20 (двадцати) рабочих дней со дня наступления указанных изменений;В течение 15 (пятнадцати) рабочих дней со дня наступления указанных изменений;В течение 5 (пяти) рабочих дней со дня наступления указанных изменений"
6;"Какие организации обязаны создавать системы управления промышленной безопасностью?";"Все организации, эксплуатирующие опасные производственные объекты;Все юридические лица;trueОрганизации, эксплуатирующие объекты I и II классов опасности;Организации, эксплуатирующие объекты I, II и III классов опасности"
6;"Куда эксплуатирующие организации, подведомственные Ростехнадзору, представляют информацию об организации производственного контроля за соблюдением требований промышленной безопасности?";"В центральный аппарат Ростехнадзора;trueВ Ростехнадзор или его территориальные органы;В вышестоящую организацию или ведомство;В МЧС России"
6;"Кто ведет реестр заключений экспертизы промышленной безопасности?";"trueРостехнадзор и его территориальные органы;Федеральное автономное учреждение «Главное управление государственной экспертизы»;Федеральное агентство по техническому регулированию и метрологии;Федеральная служба по аккредитации"
7;"Что понимается под требованиями промышленной безопасности в соответствии с Федеральным законом от 21.07.1997 № 116-ФЗ «О промышленной безопасности опасных производственных объектов»?";"Условия, запреты, ограничения и другие обязательные требования, содержащиеся в федеральных законах, соблюдение которых обеспечивает промышленную безопасность;Требования, содержащиеся в нормативных технических документах, принимаемых федеральным органом исполнительной власти, специально уполномоченным в области промышленной безопасности, в рамках его компетенции и по установленным формам;trueУсловия, запреты, ограничения и другие обязательные требования, содержащиеся в Федеральном законе от 21.07.1997 № 116-ФЗ, других федеральных законах и принимаемых в соответствии с ними нормативных правовых актах Президента Российской Федерации, нормативных правовых актах Правительства Российской Федерации, а также федеральных нормах и правилах в области промышленной безопасности;Условия, запреты, ограничения, установленные в нормативных актах, соблюдение которых обеспечивает состояние защищенности жизненно важных интересов личности и общества от аварий на опасных производственных объектах и последствий указанных аварий"
7;"Что из перечисленного не относится к принципам государственной политики в области промышленной безопасности в соответствии с Основами государственной политики в области промышленной безопасности?";"trueВнедрение комплексных систем обеспечения безопасности жизнедеятельности населения;Минимизация влияния человеческого фактора на технологические процессы на промышленных объектах;Снижение технологической или иной зависимости от иностранных государств при обеспечении промышленной безопасности;Внедрение в приоритетном порядке ресурсосберегающих и экологически безопасных технологий, модернизация производства, обновление основных производственных фондов"
7;"В какой форме осуществляется обязательная оценка соответствия зданий и сооружений, а также связанных со зданиями и с сооружениями процессов эксплуатации?";"В форме производственного контроля;В форме государственного строительного надзора и государственного контроля;trueВ форме эксплуатационного и государственного контроля (надзора)"
7;"В какие федеральные органы исполнительной власти заявитель, предполагающий выполнение работ (оказание услуг) при эксплуатации взрывопожароопасных и химически опасных производственных объектов IV класса опасности, должен представлять уведомления о начале осуществления своей деятельности?";"В Министерство Российской Федерации по делам гражданской обороны, чрезвычайным ситуациям и ликвидации последствий стихийных бедствий;В Федеральную службу по надзору в сфере здравоохранения;trueВ Федеральную службу по экологическому, технологическому и атомному надзору и иные федеральные органы исполнительной власти, которым в соответствии с федеральными законами или нормативными правовыми актами Президента Российской Федерации и Правительства Российской Федерации предоставлено право осуществлять отдельные функции в области промышленной безопасности;В Федеральное медико-биологическое агентство;В Федеральное агентство по техническому регулированию и метрологии;В Федеральную службу по труду и занятости"
7;"Кем проводится техническое расследование причин аварии на опасном производственном объекте? ";"Специальной комиссией по расследованию, возглавляемой представителем федерального органа исполнительной власти в области охраны труда;trueСпециальной комиссией по расследованию, возглавляемой представителем Ростехнадзора или его территориального органа;Комиссией по расследованию, возглавляемой либо представителем федерального органа исполнительной власти, специально уполномоченного в области охраны труда, либо представителем федерального органа исполнительной власти в области промышленной безопасности;Комиссией по расследованию, возглавляемой руководителем эксплуатирующей организации, на которой произошла авария, с обязательным участием представителей федерального органа исполнительной власти в области промышленной безопасности"
7;"Какая страховая сумма по договору обязательного страхования установлена для декларируемых опасных объектов?";"trueОт 10 миллионов рублей до 6,5 миллиардов рублей в зависимости от максимально возможного количества потерпевших, жизни и здоровью которых может быть причинен вред в результате аварии на опасном объекте;От 10 миллионов рублей до 50 миллионов рублей в зависимости от отраслевой принадлежности;До 7 миллионов рублей в зависимости от количества опасных объектов"
7;"Внесение каких изменений в государственный реестр осуществляется в срок не превышающий 10 (десяти) рабочих дней с даты регистрации заявления о внесении изменений? Выберите два правильных варианта ответов.
А) Изменение состава опасного производственного объекта, в том числе при изменении количественного и качественного состава технического устройства; технологического процесса; признаков или класса опасности опасного производственного объекта).
Б) Изменение адреса места нахождения опасного производственного объекта.
В) Изменение сведений об эксплуатирующей организации, собственнике опасного производственного объекта и/или сведений, указанных эксплуатирующей организацией в заявлении о регистрации опасного производственного объекта в государственном реестре.
Г) Изменение сведений, связанных с исключением опасного производственного объекта в связи со сменой эксплуатирующей организации.";"А и Б;А и В;А и Г;trueБ и В;Б и Г;В и Г"
7;"Кто устанавливает требования к документационному обеспечению систем управления промышленной безопасностью?";"Ростехнадзор;trueПравительство Российской Федерации;Федеральное агентство по техническому регулированию и метрологии;Федеральная служба по аккредитации"
7;"В каком случае юридическое лицо признается виновным в совершении административного правонарушения?";"trueЕсли будет установлено, что у него имелась возможность для соблюдения правил и норм, за нарушение которых предусмотрена административная ответственность, но им не были приняты все зависящие от него меры по их соблюдению;Если должностное лицо, рассматривающее дело об административном правонарушении, уверено в виновности юридического лица;Если юридическое лицо признало факт совершения административного правонарушения"
7;"Допускается ли привлекать к проведению экспертизы промышленной безопасности лиц, не состоящих в штате экспертной организации?";"Допускается, только если эксперт подтвердил свои знания по предмету экспертизы в экспертной организации;Не допускается;trueДопускается"
8;"В каком нормативном правовом акте содержится перечень критериев, по которым производственный объект относится к категории опасных?";"trueВ Федеральном законе «О промышленной безопасности опасных производственных объектов»;В постановлении Правительства Российской Федерации «О регистрации объектов в государственном реестре»;В Указе Президента Российской Федерации «Об утверждении перечня опасных производственных объектов»;В Положении о Федеральной службе по экологическому, технологическому и атомному надзору"
8;"Что из перечисленного не относится к приоритетным направлениям государственной политики в области промышленной безопасности в соответствии с Основами государственной политики в области промышленной безопасности?";"trueРазработка и внедрение аварийно-спасательных инструментов различных принципов действия, адаптированных к условиям эксплуатации в местностях с неблагоприятными климатическими условиями;Усиление защиты промышленных объектов от угроз техногенного и природного характера, а также от террористических угроз;Разработка и внедрение единых критериев оценки рисков аварий на промышленных объектах и категорирование таких объектов;Сокращение количества бесхозяйных промышленных объектов"
8;"Какими документами могут устанавливаться обязательные требования в сфере технического регулирования? ";"trueТехническими регламентами;Национальными стандартами и сводами правил;Техническими регламентами, национальными стандартами и сводами правил"
8;"Какой минимальный срок действия лицензии установлен Федеральным законом от 04.05.2011 № 99-ФЗ «О лицензировании отдельных видов деятельности»?";"1 год;3 года;5 лет;trueЛицензия действует бессрочно"
8;"Кто имеет право принимать решение о создании государственной комиссии по техническому расследованию причин аварии и назначать председателя указанной комиссии?";"Только Президент Российской Федерации;Только Правительство Российской Федерации;trueПрезидент Российской Федерации или Правительство Российской Федерации;Президент Российской Федерации, Правительство Российской Федерации или руководитель федерального органа исполнительной власти в области промышленной безопасности"
8;"В отношении каких опасных объектов заключается договор обязательного страхования?";"В отношении всего предприятия;trueВ отношении каждого опасного объекта, если иное не предусмотрено договором в отношении опасных объектов;В отношении только декларируемых опасных объектов;В отношении групп опасных объектов, объединенных по территориальному принципу или по специфике технологических операций"
8;"В какой срок осуществляется внесение в государственный реестр изменений сведений, связанных с исключением опасного производственного объекта в связи со сменой эксплуатирующей организации?";"В срок, не превышающий 5 (пяти) рабочих дней со дня наступления указанных изменений;В срок, не превышающий 10 (десяти) рабочих дней с даты регистрации заявления о внесении изменений;trueВ срок, не превышающий 20 (двадцати) рабочих дней с даты регистрации заявления о внесении изменений;В срок, не превышающий 30 (тридцати) рабочих дней со дня наступления указанных изменений"
8;"Когда Положение о системе управления промышленной безопасностью считается принятым?";"trueПосле утверждения руководителем организации, эксплуатирующей опасные производственные объекты;После утверждения руководителем организации, эксплуатирующей опасные производственные объекты, или руководителями обособленных подразделений и согласования с органами Ростехнадзора;После проведения экспертизы промышленной безопасности"
8;"Какая административная ответственность предусмотрена законодательством Российской Федерации за нарушение должностными лицами требований промышленной безопасности или лицензионных требований на осуществление видов деятельности в области промышленной безопасности?";"Вынесение письменного предупреждения, о чем делается соответствующая отметка в личном деле привлеченного к ответственности лица, или штраф в размере до одного минимального размера оплаты труда;Административный арест на срок до 15 суток или административный штраф в размере до тридцати тысяч рублей;Исправительные работы или административный штраф в размере до пятидесяти тысяч рублей;trueНаложение административного штрафа в размере от двадцати до тридцати тысяч рублей или дисквалификация на срок от шести месяцев до одного года"
8;"Что является результатом проведения экспертизы промышленной безопасности?";"trueЗаключение экспертизы промышленной безопасности;Сертификат соответствия объекта экспертизы;Экспертная оценка объекта экспертизы, оформленная протоколом"
9;"На какие классы опасности в зависимости от уровня потенциальной опасности аварий на них для жизненно важных интересов личности и общества подразделяются опасные производственные объекты?";"trueI класс опасности - опасные производственные объекты чрезвычайно высокой опасности; II класс опасности - опасные производственные объекты высокой опасности; III класс опасности - опасные производственные объекты средней опасности; IV класс опасности - опасные производственные объекты низкой опасности;I класс опасности - опасные производственные объекты низкой опасности; II класс опасности - опасные производственные объекты средней опасности; III класс опасности - опасные производственные объекты высокой опасности; IV класс опасности - опасные производственные объекты чрезвычайно высокой опасности;I класс опасности - опасные производственные объекты высокой опасности; II класс опасности - опасные производственные объекты средней опасности; III класс опасности - опасные производственные объекты низкой опасности; IV класс опасности - неопасные производственные объекты (вероятность аварии равна нулю)"
9;"Что из перечисленного не относится к основным задачам государственной политики в области промышленной безопасности в соответствии с Основами государственной политики в области промышленной безопасности?";"Развитие методов анализа и оценки рисков возникновения аварий на промышленных объектах;Повышение роли института обязательного страхования гражданской ответственности владельца опасного объекта за причинение вреда в результате аварии на таком объекте;trueРеализация Сендайской рамочной программы по снижению риска бедствий на 2015 - 2030 годы, принятой на Третьей Всемирной конференции ООН по снижению риска бедствий;Совершенствование механизмов установления охранных зон промышленных объектов и обеспечения соблюдения особых условий использования таких зон;Разработка комплекса мер по перебазированию из густонаселенных районов Российской Федерации или ликвидации промышленных объектов, функционирование которых создает угрозу жизнедеятельности человека, социально-экономическому развитию субъектов Российской Федерации"
9;"По каким вопросам не принимаются технические регламенты?";"Безопасности продукции (технических устройств, применяемых на опасном производственном объекте);Безопасной эксплуатации зданий, строений, сооружений и безопасного использования прилегающих к ним территорий;trueОсуществления деятельности в области промышленной безопасности;Пожарной безопасности"
9;"Какие из перечисленных документов не вправе требовать лицензирующий орган у соискателей лицензий на эксплуатацию взрывопожароопасных и химически опасных производственных объектов I, II и III классов опасности?";"Данные документа о постановке соискателя лицензии на учет в налоговом органе;trueКопии документов, свидетельствующие об отсутствии у юридического лица налоговой задолженности за предыдущий год;Копии документов, перечень которых определяется положением о лицензировании конкретного вида деятельности и которые свидетельствуют о соответствии соискателя лицензии лицензионным требованиям;Реквизиты документа, подтверждающего факт уплаты государственной пошлины за предоставление лицензии, либо иные сведения, подтверждающие факт уплаты указанной государственной пошлины"
9;"В каком документе устанавливается порядок проведения технического расследования причин аварий на опасных производственных объектах?";"В Федеральном законе от 21.07.1997 № 116-ФЗ «О промышленной безопасности опасных производственных объектов»;В постановлении Правительства Российской Федерации;В Трудовом кодексе Российской Федерации;trueВ нормативном документе, утвержденном федеральным органом исполнительной власти в области промышленной безопасности"
9;"На какой срок заключается договор обязательного страхования гражданской ответственности за причинение вреда в результате аварии или инцидента на опасном производственном объекте?";"На срок не более одного года;На срок не более шести месяцев;trueНа срок не менее чем один год;На срок не менее чем девять месяцев"
9;"В какой срок осуществляется внесение в государственный реестр изменений сведений, связанных с изменением адреса места нахождения опасного производственного объекта?";"trueВ срок, не превышающий 10 (десяти) рабочих дней с даты регистрации заявления о внесении изменений;В срок, не превышающий 20 (двадцати) рабочих дней с даты регистрации заявления о внесении изменений;В срок, не превышающий 30 (тридцати) рабочих дней со дня наступления указанных изменений;В срок, не превышающий 5 (пяти) рабочих дней со дня наступления указанных изменений"
9;"Разработка какого плана в рамках организации документационного обеспечения систем управления промышленной безопасностью не предусмотрена в нормативном правовом акте?";"Плана мероприятий по снижению риска аварий на опасных производственных объектах на срок более 1 года;Плана работ в области промышленной безопасности на календарный год;trueПлана работ по модернизации опасных производственных объектов"
9;"Что является грубым нарушением требований промышленной безопасности в соответствии с Кодексом Российской Федерации об административных правонарушениях?";"trueНарушение требований промышленной безопасности, приведшее к возникновению непосредственной угрозы жизни или здоровью людей;Нарушение требований промышленной безопасности, которое может привести к длительному простою оборудования;Нарушение требований промышленной безопасности, которое может привести к остановке технологического процесса предприятия и, как следствие, вынужденным отпускам работников;Нарушение требований промышленной безопасности, результатом которого может быть инцидент на опасном производственном объекте без возникновения угрозы жизни или здоровью работников"
9;"Каким документом установлен перечень сведений, содержащихся в декларации промышленной безопасности, и порядок ее оформления?";"Федеральным законом от 21.07.1997 № 116-ФЗ «О промышленной безопасности опасных производственных объектов»;Правилами, утвержденными постановлением Правительства Российской Федерации;trueДокументом, утвержденным федеральным органом исполнительной власти в области промышленной безопасности;Положением, утвержденным совместным приказом Ростехнадзора и МЧС России"
10;"Что понимается под обоснованием безопасности опасного производственного объекта?";"Это документ, содержащий сведения об условиях безопасной эксплуатации опасного производственного объекта, требования к эксплуатации, капитальному ремонту, консервации и ликвидации опасного производственного объекта;Это документ, содержащий сведения о результатах оценки риска аварии на опасном производственном объекте и связанной с ней угрозы, требования к безопасной эксплуатации опасного производственного объекта, требования к обслуживающему персоналу;trueЭто документ, содержащий сведения о результатах оценки риска аварии на опасном производственном объекте и связанной с ней угрозы, условия безопасной эксплуатации опасного производственного объекта, требования к эксплуатации, капитальному ремонту, консервации и ликвидации опасного производственного объекта"
10;"Какие опасные производственные объекты не относятся к особо опасным и технически сложным объектам?";"Все опасные производственные объекты относятся к особо опасным и технически сложным объектам;Опасные производственные объекты I и II классов опасности, на которых получаются, используются, перерабатываются, образуются, хранятся, транспортируются, уничтожаются опасные вещества;Опасные производственные объекты, на которых получаются, транспортируются, используются расплавы черных и цветных металлов, сплавы на основе этих расплавов с применением оборудования, рассчитанного на максимальное количество расплава 500 килограммов и более;trueОпасные производственные объекты, на которых используются стационарно установленные канатные дороги и фуникулеры;Опасные производственные объекты, на которых ведутся горные работы (за исключением добычи общераспространенных полезных ископаемых и разработки россыпных месторождений полезных ископаемых, осуществляемых открытым способом без применения взрывных работ), работы по обогащению полезных ископаемых"
10;"Что является объектом технического регулирования? ";"trueТребования к продукции, в том числе зданиям и сооружениям, или к продукции и связанным с требованиями к продукции процессам проектирования (включая изыскания), производства, строительства, монтажа, наладки, эксплуатации, хранения, перевозки, реализации и утилизации;Только продукция;Опасные производственные объекты;Продукция и услуги, связанные только с исполнением обязательных требований к процессам проектирования, производства, монтажа, наладки, хранения, перевозки, реализации и утилизации"
10;"В какой срок лицензирующий орган обязан принять решение о предоставлении или об отказе в предоставлении лицензии?";"Не позднее 30 рабочих дней со дня получения заявления соискателя лицензии со всеми необходимыми документами;Не позднее 60 календарных дней со дня получения заявления соискателя лицензии со всеми необходимыми документами;trueНе позднее 45 рабочих дней со дня приема заявления о предоставлении лицензии и прилагаемых к нему документов;Определяется договором между лицензиатом и лицензирующим органом"
10;"При каком условии представители организации, эксплуатирующей опасный производственный объект, принимают участие в техническом расследовании причин аварии?";"Нет, они в расследовании не принимают участия;В качестве членов комиссии по расследованию, но их число не должно превышать 25 % от общего числа членов комиссии;trueВ качестве членов комиссии по расследованию, но их число не должно превышать 50 % от общего числа членов комиссии"
10;"Кем осуществляется контроль за исполнением владельцем опасного производственного объекта обязанности по обязательному страхованию гражданской ответственности за причинение вреда в результате аварии на опасном объекте?";"trueРостехнадзором, осуществляющим в пределах своей компетенции функции по контролю и надзору в области безопасности соответствующих производственных объектов;Фондом социального страхования Российской Федерации;Национальным союзом страховщиков ответственности;Страховой компанией"
10;"Что из перечисленного относится к обязанностям организации в области промышленной безопасности в соответствии с Федеральным законом от 21.07.1997 № 116-ФЗ «О промышленной безопасности опасных производственных объектов»?";"Специальная оценка условий труда;trueОбеспечение укомплектованности штата работников опасного производственного объекта;Обязательное социальное страхование от несчастных случаев на производстве и профессиональных заболеваний физических лиц, выполняющих работу на основании гражданско-правового договора"
10;"Какова периодичность документального оформления результатов анализа функционирования системы управления промышленной безопасностью эксплуатирующими организациями?";"trueОдин раз в течение календарного года;Два раза в течение календарного года;Один раз в течение квартала;На усмотрение эксплуатирующей организации"
10;"В каком виде допускается представлять сведения об организации производственного контроля за соблюдением требований промышленной безопасности в Ростехнадзор?";"trueВ виде электронного документа, подписанного квалифицированной электронной подписью, или на бумажном носителе;В виде электронного документа в формате .pdf;Обязательно на бумажном носителе"
10;"Для каких опасных производственных объектов обязательна разработка декларации промышленной безопасности?";"Для опасных производственных объектов I, II и III классов опасности, на которых получаются, используются, перерабатываются, образуются, хранятся, транспортируются, уничтожаются опасные вещества в количествах, указанных в приложении 2 к Федеральному закону от 21.07.1997 № 116-ФЗ «О промышленной безопасности опасных производственных объектов»;Для всех опасных производственных объектов независимо от класса опасности объекта;trueДля опасных производственных объектов I и II классов опасности, на которых получаются, используются, перерабатываются, образуются, хранятся, транспортируются, уничтожаются опасные вещества в количествах, указанных в приложении 2 к Федеральному закону от 21.07.1997 № 116-ФЗ «О промышленной безопасности опасных производственных объектов» (за исключением использования взрывчатых веществ при проведении взрывных работ);Для объектов, указанных в приложении 1 к Федеральному закону от 21.07.1997 № 116-ФЗ «О промышленной безопасности опасных производственных объектов»"
11;"В каком из перечисленных случаев требования промышленной безопасности к эксплуатации, капитальному ремонту, консервации и ликвидации опасного производственного объекта (ОПО) могут быть установлены в обосновании безопасности опасного производственного объекта?";"trueВ случае если при проектировании, строительстве, эксплуатации, реконструкции, капитальном ремонте, консервации или ликвидации опасного производственного объекта требуется отступление от требований промышленной безопасности, установленных федеральными нормами и правилами в области промышленной безопасности, таких требований недостаточно и (или) они не установлены;При подготовке проектной документации на любой опасный производственный объект независимо от класса опасности;В случае если разработчиком проектной документации является иностранная организация;При разработке плана по локализации и ликвидации последствий аварий на опасных производственных объектах"
11;"Какие виды экспертизы проектной документации проводятся в соответствии с Градостроительным кодексом Российской Федерации?";"Только государственная экспертиза;Государственная экспертиза - для особо опасных, технически сложных и уникальных объектов, для всех остальных - негосударственная экспертиза;trueКак государственная, так и негосударственная экспертиза по выбору застройщика или технического заказчика, за исключением случаев, когда проводится только государственная экспертиза"
11;"Какими документами могут приниматься технические регламенты в соответствии с Федеральным законом от 27.12.2002 № 184-ФЗ «О техническом регулировании»?";"Только федеральными законами и межправительственными соглашениями стран - участниц Евразийского союза;Только федеральными законами и постановлениями Правительства Российской Федерации;Любыми нормативными правовыми актами Российской Федерации;trueМеждународными договорами Российской Федерации, подлежащими ратификации в порядке, установленном законодательством Российской Федерации, или в соответствии с международными договорами Российской Федерации, ратифицированными в порядке, установленном законодательством Российской Федерации, или указами Президента Российской Федерации, или постановлениями Правительства Российской Федерации, или нормативным правовым актом федерального органа исполнительной власти по техническому регулированию"
11;"Кем осуществляется контроль за соблюдением лицензиатом лицензионных требований?";"Лицензирующим органом совместно с органом прокуратуры;Органом исполнительной власти субъекта Российской Федерации, на территории которого эксплуатируется объект;trueЛицензирующим органом;Органом местного самоуправления"
11;"Куда организация обязана направить результаты технического расследования причин аварии?";"Только в федеральный орган исполнительной власти в области промышленной безопасности;trueВ центральный аппарат или территориальный орган Ростехнадзора, проводивший расследование, в соответствующие органы (организации), представители которых принимали участие в работе комиссии по техническому расследованию причин аварии, в соответствующий орган прокуратуры и в другие органы (организации), определенные председателем комиссии;В центральный аппарат или территориальные органы Ростехнадзора, проводившие расследование, страховую организацию, территориальные органы МЧС России;В федеральный орган исполнительной власти в области промышленной безопасности, вышестоящий орган, орган местного самоуправления, государственную инспекцию труда субъекта Российской Федерации, территориальное объединение профсоюза, а также в территориальные органы МЧС России"
11;"При каком условии событие признается страховым случаем?";"Если в результате аварии на опасном объекте после окончания действия договора страхования причинен вред нескольким потерпевшим;trueЕсли причинен вред потерпевшим, явившийся результатом последствий воздействия аварии, произошедшей в период действия договора обязательного страхования, которое влечет за собой обязанность страховщика произвести страховую выплату потерпевшим;Если вред, причиненный в период действия договора страхования, является результатом последствий или продолжающегося воздействия аварии, произошедшей до заключения договора обязательного страхования"
11;"Что из указанного относится к обязанностям организации в области промышленной безопасности в соответствии с Федеральным законом от 21.07.1997 № 116-ФЗ «О промышленной безопасности опасных производственных объектов»?";"Разработка локальных нормативных документов по охране труда;trueНаличие на опасном производственном объекте нормативных правовых актов, устанавливающих требования промышленной безопасности, а также правил ведения работ на опасном производственном объекте;Обеспечение работников опасного производственного объекта средствами индивидуальной защиты;Декларирование соответствия условий труда государственным нормативным требованиям охраны труда"
11;"Какая организация осуществляет авторский надзор в процессе капитального ремонта или технического перевооружения опасного производственного объекта?";"Организация, эксплуатирующая опасный производственный объект;Территориальный орган Ростехнадзора;Орган местного самоуправления, на территории которого расположен объект;trueОрганизация, разработавшая соответствующую документацию в порядке, установленном сводом правил «Положение об авторском надзоре за строительством зданий и сооружений»"
11;"Допускается ли подача сведений об организации производственного контроля на бумажном носителе с приложением электронных таблиц в формате .xls или .xlsx на машиночитаемом носителе?";"trueДа, с приложением электронных таблиц в случае наличия технической возможности;Да, с обязательным приложением электронных таблиц;Нет, не допускается"
11;"В какой срок после внесения в реестр последней декларации промышленной безопасности для действующих опасных производственных объектов декларация должна быть разработана вновь?";"trueПо истечении десяти лет;По истечении пяти лет;Повторно декларация не разрабатывается;В десятидневный срок при смене владельца опасного производственного объекта"
12;"Какой экспертизе в соответствии с Федеральным законом от 21.07.1997 № 116-ФЗ «О промышленной безопасности опасных производственных объектов» подлежит обоснование безопасности опасного производственного объекта?";"Государственной экспертизе;trueЭкспертизе промышленной безопасности;Экологической экспертизе"
12;"Кто устанавливает порядок организации и проведения государственной экспертизы проектной документации и результатов инженерных изысканий?";"Минстрой России;trueПравительство Российской Федерации;Минстрой России совместно с Ростехнадзором;Главгосэкспертиза"
12;"Какие формы обязательного подтверждения соответствия установлены Федеральным законом от 27.12.2002 № 184-ФЗ «О техническом регулировании»?";"Экспертиза промышленной безопасности;Только обязательная сертификация продукции;trueОбязательная сертификация или декларирование соответствия продукции;Оценка риска применения продукции"
12;"В каком случае лицензирующие органы могут приостанавливать действие лицензии?";"В случае ликвидации юридического лица или прекращения его деятельности в результате реорганизации;В случае неуплаты лицензиатом в течение трех месяцев лицензионного сбора;В случае смены собственника организации;trueВ случае привлечения лицензиата к административной ответственности за неисполнение в установленный срок предписания об устранении грубого нарушения лицензионных требований"
12;"В какой срок должен быть составлен акт технического расследования причин аварии?";"В течение 30 рабочих дней;trueВ течение 30 календарных дней;В течение 20 дней;Предельный срок не устанавливается"
12;"Кто осуществляет регистрацию объектов в государственном реестре опасных производственных объектов и ведение этого реестра?";"Только Федеральная служба по экологическому, технологическому и атомному надзору;Регистрационная палата при Правительстве Российской Федерации;trueФедеральная служба по экологическому, технологическому и атомному надзору, а также федеральные органы исполнительной власти, которым в установленном порядке предоставлено право проводить регистрацию подведомственных объектов, и Государственная корпорация по атомной энергии «Росатом»;Министерство промышленности и торговли Российской Федерации, а также федеральные органы исполнительной власти, которым в установленном порядке предоставлено право проводить регистрацию подведомственных объектов"
12;"Что из перечисленного не обязана выполнять организация в области промышленной безопасности в соответствии с Федеральным законом от 21.07.1997 № 116-ФЗ «О промышленной безопасности опасных производственных объектов»?";"Обеспечивать наличие и функционирование необходимых приборов и систем контроля за производственными процессами в соответствии с установленными требованиями;Предотвращать проникновение на опасный производственный объект посторонних лиц;Организовывать и осуществлять производственный контроль за соблюдением требований промышленной безопасности;trueСоздавать систему управления промышленной безопасностью и обеспечивать ее функционирование на опасных производственных объектах III класса опасности"
12;"Кто устанавливает требования к организации и осуществлению производственного контроля за соблюдением требований промышленной безопасности?";"Организация, эксплуатирующая опасный производственный объект;trueПравительство Российской Федерации;Федеральный орган исполнительной власти в области промышленной безопасности;Федеральный орган исполнительной власти в области промышленной безопасности совместно с Федеральным органом исполнительной власти в области гражданской обороны, защиты населения и территорий от чрезвычайных ситуаций природного и техногенного характера"
12;"Каким образом допускается представлять сведения об организации производственного контроля организацией, эксплуатирующей несколько опасных производственных объектов?";"trueСведения могут представляться в виде единого файла или нескольких файлов;Сведения должны представляться в виде отдельных файлов по каждому опасному производственному объекту;Сведения должны представляться на бумажном носителе в виде общего отчета организации, эксплуатирующей опасные производственные объекты"
12;"В каком случае для действующих опасных производственных объектов декларация промышленной безопасности не должна разрабатываться вновь?";"В случае истечения десяти лет со дня внесения в реестр деклараций промышленной безопасности последней декларации промышленной безопасности;trueВ случае увеличения на пять процентов количества опасных веществ, которые находятся или могут находиться на опасном производственном объекте;В случае изменения требований промышленной безопасности или изменения технологического процесса;По предписанию федерального органа исполнительной власти в области промышленной безопасности или его территориального органа в случае выявления несоответствия сведений, содержащихся в декларации промышленной безопасности, сведениям, полученным в ходе осуществления федерального государственного надзора в области промышленной безопасности"
13;"В течение какого времени организация, эксплуатирующая опасный производственный объект, при внесении изменений в обоснование безопасности опасного производственного объекта должна направить их в Ростехнадзор?";"В течение 1 месяца после внесения изменений;trueВ течение 10 рабочих дней со дня получения положительного заключения экспертизы промышленной безопасности;В течение 10 рабочих дней со дня передачи обоснования на экспертизу промышленной безопасности;В течение 1 месяца после утверждения изменений"
13;"В отношении каких из перечисленных объектов капитального строительства государственная экспертиза проектов не проводится?";"Объектов, строительство, реконструкцию и (или) капитальный ремонт которых предполагается осуществлять на территориях двух и более субъектов Российской Федерации;Особо опасных, технически сложных и уникальных объектов;trueОбъектов капитального строительства, в отношении которых не требуется получение разрешения на строительство;Объектов, строительство, реконструкцию и (или) капитальный ремонт которых предполагается осуществлять в исключительной экономической зоне Российской Федерации, на континентальном шельфе Российской Федерации, во внутренних морских водах и в территориальном море Российской Федерации"
13;"В каких документах устанавливаются формы оценки соответствия обязательным требованиям к техническим устройствам, применяемым на опасном производственном объекте?";"В федеральных нормах и правилах в области промышленной безопасности;trueВ технических регламентах;В соответствующих нормативных правовых актах, утверждаемых Правительством Российской Федерации;В Федеральном законе от 21.07.1997 № 116-ФЗ «О промышленной безопасности опасных производственных объектов»"
13;"В каком случае лицензия может быть аннулирована решением суда?";"При обнаружении недостоверных или искаженных данных в документах, представленных в лицензирующий орган для получения лицензии;При ликвидации юридического лица или прекращении его деятельности в результате реорганизации;Из-за неуплаты лицензиатом в течение трех месяцев лицензионного сбора;trueЕсли в установленный судом срок административного наказания в виде административного приостановления деятельности и приостановления действия лицензии лицензиат не устранил грубое нарушение лицензионных требований"
13;"Как назначается специальная комиссия по техническому расследованию причин аварии?";"Приказом руководителя организации, в которой произошла авария;trueПриказом территориального органа Ростехнадзора или, в зависимости от характера и возможных последствий аварии, приказом Ростехнадзора;Совместным приказом Ростехнадзора и МЧС России;Распоряжением Правительства Российской Федерации"
13;"В каком нормативном правовом акте устанавливаются критерии классификации опасных производственных объектов?";"trueВ Федеральном законе;В постановлении Правительства Российской Федерации;В нормативном правовом акте Ростехнадзора;В нормативном правовом акте МЧС России"
13;"Что из перечисленного входит в обязанности организации в области промышленной безопасности в соответствии с Федеральным законом от 21.07.1997 № 116-ФЗ «О промышленной безопасности опасных производственных объектов»?";"Выполнение обязательств по охране труда, предусмотренных коллективными договорами и соглашениями;trueПриостановление эксплуатации опасного производственного объекта в случае аварии или инцидента на опасном производственном объекте;Участие в рассмотрении вопросов, связанных с обеспечением безопасных условий труда на рабочем месте, и в расследовании происшедшего несчастного случая на производстве или профессионального заболевания;Все перечисленное"
13;"Какая из перечисленных задач не относится к задачам производственного контроля за соблюдением требований промышленной безопасности на опасном производственном объекте?";"Анализ состояния промышленной безопасности в эксплуатирующей организации;Координация работ, направленных на предупреждение аварий на опасных производственных объектах;Контроль за своевременным проведением необходимых испытаний и технических освидетельствований технических устройств, применяемых на опасных производственных объектах, ремонтом и поверкой контрольных средств измерений;trueДекларирование соответствия условий труда государственным нормативным требованиям охраны труда"
13;"В виде каких файлов должны формироваться электронные документы при подготовке отчета о производственном контроле?";"trueВ формате XML;В формате DIF;В форматах JPEG, TIFF, BMP, PDF"
13;"Кто утверждает декларацию промышленной безопасности? ";"Руководитель территориального органа федерального органа исполнительной власти в области промышленной безопасности или его заместители;Руководитель экспертной организации, выполнившей экспертизу декларации промышленной безопасности;trueРуководитель организации, эксплуатирующей опасный производственный объект;Руководитель эксплуатирующей организации совместно с территориальным органом Ростехнадзора"
14;"Уполномочены ли иные федеральные органы исполнительной власти помимо Федеральной службы по экологическому, технологическому и атомному надзору осуществлять специальные разрешительные, контрольные или надзорные функции в области промышленной безопасности?";"trueДа, если Президентом Российской Федерации или Правительством Российской Федерации им предоставлено такое право;Нет, это противоречит Федеральному закону от 21.07.1997 № 116-ФЗ «О промышленной безопасности опасных производственных объектов»;Да, только в случае, если указанные органы функционируют в условиях чрезвычайной ситуации"
14;"Кто проводит государственную экспертизу проектной документации особо опасных и технически сложных объектов?";"Организации, имеющие лицензию Министерства строительства и жилищно-коммунального хозяйства Российской Федерации;Организации, имеющие лицензию Ростехнадзора или Федеральной службы по надзору в сфере природопользования на проведение данного вида экспертизы;Независимые эксперты;Органы государственной власти субъектов Российской Федерации;trueФедеральный орган исполнительной власти, осуществляющий функции по выработке и реализации государственной политики и нормативно-правовому регулированию в сфере строительства, архитектуры, градостроительства или подведомственное ему государственное (бюджетное или автономное) учреждение"
14;"Кто имеет право проводить сертификацию технических устройств, применяемых на опасных производственных объектах?";"trueОрган по сертификации, аккредитованный в соответствии с законодательством Российской Федерации об аккредитации в национальной системе аккредитации;Организации, аккредитованные федеральным органом исполнительной власти по стандартизации, метрологии и сертификации;Организации, аккредитованные федеральным органом исполнительной власти в области промышленной безопасности, совместно с федеральным органом исполнительной власти по стандартизации, метрологии и сертификации"
14;"В какой срок и на какой период времени в случае вынесения решения суда или должностного лица Ростехнадзора о назначении административного наказания в виде административного приостановления деятельности лицензиата лицензирующий орган приостанавливает действие лицензии?";"В течение суток со дня принятия решения на срок административного приостановления деятельности лицензиата;trueВ течение суток со дня вступления этого решения в законную силу на срок административного приостановления деятельности лицензиата;В течение суток со дня вступления этого решения в законную силу на срок не более 30 суток;В течение трех суток со дня вступления этого решения в законную силу на срок административного приостановления деятельности лицензиата"
14;"На кого возлагается финансирование расходов на техническое расследование причин аварий? ";"На территориальный орган Ростехнадзора;trueНа организацию, эксплуатирующую опасные производственные объекты;На страховую компанию, с которой заключен договор обязательного страхования гражданской ответственности владельца опасного объекта за причинение вреда в результате аварии на опасном объекте;На организацию, эксплуатирующую опасные производственные объекты, или страховую компанию, в которой застрахована гражданская ответственность этой организации"
14;"На сколько классов опасности подразделяются опасные производственные объекты?";"На три;trueНа четыре;На два;На пять"
14;"Каким нормативным документом устанавливается обязательность проведения подготовки и аттестации работников, эксплуатирующих опасные производственные объекты, в области промышленной безопасности?";"Приказом Ростехнадзора от 29.01.2007 № 37 «О порядке подготовки и аттестации работников организаций, поднадзорных Федеральной службе по экологическому, технологическому и атомному надзору»;trueФедеральным законом от 21.07.1997 № 116-ФЗ «О промышленной безопасности опасных производственных объектов»;Трудовым кодексом Российской Федерации"
14;"При какой численности работников эксплуатирующей организации, занятых на опасных производственных объектах, функции лица, ответственного за осуществление производственного контроля, рекомендуется возлагать на специально назначенного решением руководителя организации работника?";"Менее 150 человек;trueОт 150 до 500 человек;Свыше 500 человек"
14;"Вложения в каком формате не могут содержать электронные документы?";"trueВ бинарном формате;В форматах PDF, RTF или TXT;XML-документы"
14;"Кто осуществляет ведение реестра деклараций промышленной безопасности опасных производственных объектов?";"trueРостехнадзор;Государственная регистрационная палата;Ростехнадзор совместно с МЧС России;Минстрой России"
15;"Какого права не имеют должностные лица Ростехнадзора при осуществлении федерального государственного надзора в области промышленной безопасности?";"Посещать организации, эксплуатирующие опасные производственные объекты, при наличии служебного удостоверения и копии приказа о проведении проверки;trueВыдавать лицензии на отдельные виды деятельности, связанные с повышенной опасностью промышленных производств;Давать указания о выводе людей с рабочих мест в случае угрозы жизни и здоровью работников;Составлять протоколы об административных правонарушениях, связанных с нарушениями обязательных требований, рассматривать дела об указанных административных правонарушениях и принимать меры по предотвращению таких нарушений;Направлять в уполномоченные органы материалы, связанные с нарушениями обязательных требований, для решения вопросов о возбуждении уголовных дел по признакам преступлений"
15;"Выполнение каких работ на объектах не включает в себя лицензируемый вид деятельности по эксплуатации взрывопожароопасных и химических опасных производственных объектов I, II и III классов опасности?";"Использование воспламеняющихся, окисляющих, горючих, взрывчатых, токсичных, высокотоксичных веществ и веществ, представляющих опасность для окружающей среды, на взрывопожароопасных и химически опасных производственных объектах I, II, или III классов опасности;Получение расплавов черных или цветных металлов, сплавов на основе этих расплавов с применением оборудования, рассчитанного на максимальное количество расплава, составляющее 500 килограммов и более;trueРаботы, связанные с получением, использованием, переработкой, хранением, транспортированием и уничтожением взрывчатых материалов промышленного назначения;Использование (эксплуатация) на объектах оборудования, работающего под избыточным давлением более 0,07 мегапаскаля иных жидкостей при температуре, превышающей температуру их кипения при избыточном давлении 0,007 мегапаскаля"
15;"В случае если техническим регламентом не установлена иная форма оценки соответствия технического устройства, применяемого на опасном производственном объекте, обязательным требованиям к такому техническому устройству, то до начала эксплуатации оно подлежит:";"Техническому аудиту;Добровольной сертификации или добровольному декларированию соответствия по выбору производителя технического устройства;trueЭкспертизе промышленной безопасности"
15;"Какое количество экспертов должно быть в штате организации - соискателя лицензии по проведению экспертизы промышленной безопасности?";"trueНе менее 3 экспертов, аттестованных в областях аттестации, соответствующих заявляемым работам (услугам);Не менее 2 экспертов, аттестованных в областях аттестации, соответствующих заявляемым работам (услугам);Не менее 4 экспертов, аттестованных в области экспертизы промышленной безопасности"
15;"Чем регламентируется порядок проведения работ по установлению причин инцидентов на опасном производственном объекте?";"Документом, утвержденным организацией, эксплуатирующей опасные производственные объекты, по согласованию с представительным органом работников данной организации;trueДокументом, утвержденным организацией, эксплуатирующей опасный производственный объект;Документом, утвержденным организацией, эксплуатирующей опасный производственный объект, согласованным с органом исполнительной власти субъекта Российской Федерации, на территории которого находится опасный производственный объект"
15;"Кто обязан представлять в Ростехнадзор сведения, необходимые для формирования и ведения государственного реестра опасных производственных объектов?";"Территориальные органы Ростехнадзора;Территориальные органы МЧС России;trueЮридические лица независимо от организационно-правовой формы и индивидуальные предприниматели, осуществляющие эксплуатацию опасных производственных объектов;Федеральные государственные учреждения, эксплуатирующие опасные производственные объекты"
15;"Как производится ввод в эксплуатацию опасного производственного объекта?";"В порядке, установленном законодательством Российской Федерации о промышленной безопасности;trueВ порядке, установленном законодательством Российской Федерации о градостроительной деятельности;В порядке, установленном законодательством Российской Федерации о техническом регулировании"
15;"Какие квалификационные требования предъявляются к работнику, ответственному за осуществление производственного контроля?";"trueВысшее техническое образование, соответствующее профилю производственного объекта, стаж работы не менее 3 лет на соответствующей работе на опасном производственном объекте отрасли, удостоверение, подтверждающее прохождение аттестации по промышленной безопасности;Высшее техническое образование, общий стаж работы не менее 3 лет, удостоверение, подтверждающее прохождение аттестации по промышленной безопасности;Высшее или среднее техническое образование, стаж работы не менее 3 лет на соответствующей работе на опасном производственном объекте отрасли, удостоверение, подтверждающее прохождение аттестации по промышленной безопасности;Высшее образование, общий стаж работы не менее 3 лет, удостоверение, подтверждающее прохождение аттестации по промышленной безопасности"
15;"С какого момента считается введенным в действие XSD-описание, использующееся для формирования электронных документов?";"trueС момента его опубликования на сайте Ростехнадзора;С момента его подписания усиленной квалифицированной электронной подписью;С момента размещения сведений на Едином портале государственных и муниципальных услуг (функций)"
15;"Какой экспертизе подлежит декларация промышленной безопасности, разрабатываемая в составе документации на техническое перевооружение опасного производственного объекта?";"Экологической экспертизе в установленном порядке;Никакую экспертизу декларация промышленной безопасности проходить не должна;trueЭкспертизе промышленной безопасности в установленном порядке;Государственной экспертизе в соответствии с законодательством Российской Федерации о градостроительной деятельности"
16;"В каком из перечисленных случаев декларация промышленной безопасности находящегося в эксплуатации опасного производственного объекта не разрабатывается вновь?";"trueВ случае истечения девяти лет со дня внесения в реестр деклараций промышленной безопасности последней декларации промышленной безопасности;В случае изменения технологических процессов на опасном производственном объекте либо увеличения более чем на двадцать процентов количества опасных веществ, которые находятся или могут находиться на опасном производственном объекте;В случае изменения требований промышленной безопасности;По предписанию федерального органа исполнительной власти в области промышленной безопасности или его территориального органа в случае выявления несоответствия сведений, содержащихся в декларации промышленной безопасности, сведениям, полученным в ходе осуществления федерального государственного надзора в области промышленной безопасности"
16;"Что из перечисленного не подлежит экспертизе промышленной безопасности?";"Документация на техническое перевооружение, консервацию и ликвидацию опасного производственного объекта;Технические устройства, применяемые на опасном производственном объекте;Здания и сооружения на опасном производственном объекте, предназначенные для технологических процессов, хранения сырья или продукции, перемещения людей и грузов, локализации и ликвидации последствий аварий;trueДекларация промышленной безопасности, разрабатываемая в составе документации на техническое перевооружение (в случае, если указанная документация входит в состав проектной документации опасного производственного объекта, подлежащей экспертизе в соответствии с законодательством о градостроительной деятельности);Обоснование безопасности опасного производственного объекта, а также изменения, вносимые в обоснование безопасности опасного производственного объекта"
16;"Что из перечисленного не относится к обязанностям работника, ответственного за осуществление производственного контроля за соблюдением требований промышленной безопасности на опасных производственных объектах?";"Проведение комплексных и целевых проверок состояния промышленной безопасности, выявление опасных факторов на рабочих местах;Разработка плана работы по осуществлению производственного контроля в подразделениях эксплуатирующей организации;trueОрганизация и проведение работ по специальной оценке условий труда;Участие в техническом расследовании причин аварий, инцидентов и несчастных случаев"
16;"Кем устанавливаются порядок разработки и требования к содержанию планов мероприятий по локализации и ликвидации последствий аварий?";"Федеральной службой по экологическому, технологическому и атомному надзору;trueПравительством Российской Федерации;Министерством Российской Федерации по делам гражданской обороны, чрезвычайным ситуациям и ликвидации последствий стихийных бедствий"
16;"В какой срок эксплуатирующие организации и индивидуальные предприниматели обязаны предоставить в регистрирующий орган сведения, характеризующие опасные производственные объекты?";"Не позднее трех месяцев с даты начала эксплуатации;trueНе позднее 10 рабочих дней со дня начала их эксплуатации;Не позднее 30 рабочих дней со дня начала их эксплуатации;Срок предоставления сведений не регламентирован"
16;"С какой периодичностью организация, эксплуатирующая опасные производственные объекты, должна направлять информацию об инцидентах, происшедших на опасных производственных объектах, в территориальный орган Ростехнадзора?";"Информация об инцидентах не сообщается в Ростехнадзор и его территориальные органы;trueЕжеквартально;Информация направляется раз в три месяца при наличии инцидентов;Ежегодно, независимо от того, были инциденты или нет"
16;"Какие из перечисленных требований не являются лицензионными требованиями к лицензиату при осуществлении им лицензируемой деятельности по проведению экспертизы промышленной безопасности?";"trueНаличие дипломов о высшем техническом образовании, соответствующем заявляемым работам (услугам) как минимум у 3 специалистов, состоящих в штате организации и для которых работа в данной организации является основной;Наличие в штате лицензиата как минимум 3 экспертов, которые соответствуют требованиям, установленным федеральными нормами и правилами в области промышленной безопасности, и аттестованы в порядке, установленном Правительством Российской Федерации, в области аттестации, соответствующей заявляемым работам (услугам), и для которых работа в этой организации является основной;Проведение экспертизы в соответствии с работами (услугами), указанными в лицензии, экспертами, соответствующими требованиям, установленным федеральными нормами и правилами в области промышленной безопасности, и аттестованными в порядке, установленном Правительством Российской Федерации;Проведение экспертизы и оформление результатов экспертизы в соответствии с требованиями, установленными нормативными правовыми актами Российской Федерации в области промышленной безопасности"
16;"Машины и оборудование, находящиеся в эксплуатации или изготовленные для собственных нужд, не подлежат:";"trueДекларированию соответствия или обязательной сертификации;Техническому аудиту;Экспертизе промышленной безопасности, если иные формы соответствия не установлены в технических регламентах"
16;"Кто проводит строительный контроль?";"Саморегулируемая организация;Федеральный орган исполнительной власти, уполномоченный на осуществление строительного надзора;Органы исполнительной власти субъектов Российской Федерации, уполномоченные на осуществление регионального строительного надзора;trueПодрядчик и застройщик, технический заказчик, лицо, ответственное за эксплуатацию здания, сооружения либо организация, осуществляющая подготовку проектной документации и привлеченная техническим заказчиком (застройщиком) по договору для осуществления строительного контроля"
16;"В каком случае должностные лица Ростехнадзора вправе привлекать к административной ответственности лиц, виновных в нарушении требований промышленной безопасности?";"Это не относится к их компетенции;trueПри осуществлении федерального государственного надзора в области промышленной безопасности;Только если это сопряжено с направлением в суд материалов о привлечении указанных лиц к уголовной ответственности"
